http://kisti.rkbexplorer.com/sparql/	http://kisti.rkbexplorer.com/id/void
http://epsrc.rkbexplorer.com/sparql/	http://epsrc.rkbexplorer.com/id/void
http://test2.rkbexplorer.com/sparql/	http://test2.rkbexplorer.com/id/void
http://test.rkbexplorer.com/sparql/	http://test.rkbexplorer.com/id/void
http://chris.rkbexplorer.com/sparql/	http://chris.rkbexplorer.com/id/void
http://dotac.rkbexplorer.com/sparql/	http://dotac.rkbexplorer.com/id/void
http://oai.rkbexplorer.com/sparql/	http://oai.rkbexplorer.com/id/void
http://era.rkbexplorer.com/sparql/	http://era.rkbexplorer.com/id/void
http://seoul.rkbexplorer.com/sparql/	http://seoul.rkbexplorer.com/id/void
http://daejeon.rkbexplorer.com/sparql/	http://daejeon.rkbexplorer.com/id/void
http://digitaleconomy.rkbexplorer.com/sparql/	http://digitaleconomy.rkbexplorer.com/id/void
http://bm.rkbexplorer.com/sparql/	http://bm.rkbexplorer.com/id/void
http://jisc.rkbexplorer.com/sparql/	http://jisc.rkbexplorer.com/id/void
http://bibo.rkbexplorer.com/sparql/	http://bibo.rkbexplorer.com/id/void
http://biolit.rkbexplorer.com/sparql/	http://biolit.rkbexplorer.com/id/void
http://os.rkbexplorer.com/sparql/	http://os.rkbexplorer.com/id/void
http://unlocode.rkbexplorer.com/sparql/	http://unlocode.rkbexplorer.com/id/void
http://webconf.rkbexplorer.com/sparql/	http://webconf.rkbexplorer.com/id/void
http://webscience.rkbexplorer.com/sparql/	http://webscience.rkbexplorer.com/id/void
http://wordnet.rkbexplorer.com/sparql/	http://wordnet.rkbexplorer.com/id/void
http://rae2001.rkbexplorer.com/sparql/	http://rae2001.rkbexplorer.com/id/void
http://deploy.rkbexplorer.com/sparql/	http://deploy.rkbexplorer.com/id/void
http://risks.rkbexplorer.com/sparql/	http://risks.rkbexplorer.com/id/void
http://eprints.rkbexplorer.com/sparql/	http://eprints.rkbexplorer.com/id/void
http://nsf.rkbexplorer.com/sparql/	http://nsf.rkbexplorer.com/id/void
http://ieee.rkbexplorer.com/sparql/	http://ieee.rkbexplorer.com/id/void
http://cordis.rkbexplorer.com/sparql/	http://cordis.rkbexplorer.com/id/void
http://citeseer.rkbexplorer.com/sparql/	http://citeseer.rkbexplorer.com/id/void
http://dblp.rkbexplorer.com/sparql/	http://dblp.rkbexplorer.com/id/void
http://acm.rkbexplorer.com/sparql/	http://acm.rkbexplorer.com/id/void
http://ulm.rkbexplorer.com/sparql/	http://ulm.rkbexplorer.com/id/void
http://roma.rkbexplorer.com/sparql/	http://roma.rkbexplorer.com/id/void
http://pisa.rkbexplorer.com/sparql/	http://pisa.rkbexplorer.com/id/void
http://newcastle.rkbexplorer.com/sparql/	http://newcastle.rkbexplorer.com/id/void
http://lisbon.rkbexplorer.com/sparql/	http://lisbon.rkbexplorer.com/id/void
http://laas.rkbexplorer.com/sparql/	http://laas.rkbexplorer.com/id/void
http://kaunas.rkbexplorer.com/sparql/	http://kaunas.rkbexplorer.com/id/void
http://italy.rkbexplorer.com/sparql/	http://italy.rkbexplorer.com/id/void
http://irit.rkbexplorer.com/sparql/	http://irit.rkbexplorer.com/id/void
http://ibm.rkbexplorer.com/sparql/	http://ibm.rkbexplorer.com/id/void
http://ft.rkbexplorer.com/sparql/	http://ft.rkbexplorer.com/id/void
http://eurecom.rkbexplorer.com/sparql/	http://eurecom.rkbexplorer.com/id/void
http://deepblue.rkbexplorer.com/sparql/	http://deepblue.rkbexplorer.com/id/void
http://darmstadt.rkbexplorer.com/sparql/	http://darmstadt.rkbexplorer.com/id/void
http://budapest.rkbexplorer.com/sparql/	http://budapest.rkbexplorer.com/id/void
http://courseware.rkbexplorer.com/sparql/	http://courseware.rkbexplorer.com/id/void
http://curriculum.rkbexplorer.com/sparql/	http://curriculum.rkbexplorer.com/id/void
http://resex.rkbexplorer.com/sparql/	http://resex.rkbexplorer.com/id/void
http://wiki.rkbexplorer.com/sparql/	http://wiki.rkbexplorer.com/id/void
http://southampton.rkbexplorer.com/sparql/	http://southampton.rkbexplorer.com/id/void
http://rdf.myexperiment.org/sparql	http://rdf.myexperiment.org/void.rdf#myExpDataset
http://api.talis.com/stores/auth-nibfqu-1/services/sparql	http://api.talis.com/stores/kwijibo-dev3/items/datasets/auth-nibfqu-1
http://api.talis.com/stores/auth-ieduuc-1/services/sparql	http://api.talis.com/stores/kwijibo-dev3/items/datasets/auth-ieduuc-1
http://api.talis.com/stores/amirbs-dev1/services/sparql	http://api.talis.com/stores/kwijibo-dev3/items/datasets/amirbs-dev1
http://api.talis.com/stores/abucchi-dev1/services/sparql	http://api.talis.com/stores/kwijibo-dev3/items/datasets/abucchi-dev1
http://api.talis.com/stores/akumar-dev1/services/sparql	http://api.talis.com/stores/kwijibo-dev3/items/datasets/akumar-dev1
http://api.talis.com/stores/alandix-dev1/services/sparql	http://api.talis.com/stores/kwijibo-dev3/items/datasets/alandix-dev1
http://dbpedia.org/sparql	http://dbpedia.org/void.ttl#DBpediaSPARQL
http://castle1.rkbexplorer.com/sparql/	http://www.enakting.org/enakting/voidFiles/castle1.ttl
http://api.talis.com/stores/anikolov-dev1/services/sparql	http://api.talis.com/stores/kwijibo-dev3/items/datasets/anikolov-dev1
http://api.talis.com/stores/aeaton-dev1/services/sparql	http://api.talis.com/stores/kwijibo-dev3/items/datasets/aeaton-dev1
http://linkeddata.ge.imati.cnr.it:2020/sparql	http://purl.org/NET/RiccardoAlbertoni/void.ttl#Earth
http://crm.rkbexplorer.com/sparql/	http://crm.rkbexplorer.com/id/void
http://api.talis.com/stores/auth-nibfqu-3/services/sparql	http://api.talis.com/stores/kwijibo-dev3/items/datasets/auth-nibfqu-3
http://api.talis.com/stores/adw-dev1/services/sparql	http://api.talis.com/stores/kwijibo-dev3/items/datasets/adw-dev1
http://api.talis.com/stores/auth-ukbtu-1/services/sparql	http://api.talis.com/stores/kwijibo-dev3/items/datasets/auth-ukbtu-1
http://api.talis.com/stores/auth-ukbol-1/services/sparql	http://api.talis.com/stores/kwijibo-dev3/items/datasets/auth-ukbol-1
http://api.talis.com/stores/auth-ukbelhl-1/services/sparql	http://api.talis.com/stores/kwijibo-dev3/items/datasets/auth-ukbelhl-1
http://api.talis.com/stores/aram-dev1/services/sparql	http://api.talis.com/stores/kwijibo-dev3/items/datasets/aram-dev1
http://api.talis.com/stores/abendiken-dev1/services/sparql	http://api.talis.com/stores/kwijibo-dev3/items/datasets/abendiken-dev1
http://api.talis.com/stores/adam-dev1/services/sparql	http://api.talis.com/stores/kwijibo-dev3/items/datasets/adam-dev1
http://api.talis.com/stores/adean-dev1/services/sparql	http://api.talis.com/stores/kwijibo-dev3/items/datasets/adean-dev1
http://api.talis.com/stores/auth-ukwswcc-1/services/sparql	http://api.talis.com/stores/kwijibo-dev3/items/datasets/auth-ukwswcc-1
http://api.talis.com/stores/adw-dev2/services/sparql	http://api.talis.com/stores/kwijibo-dev3/items/datasets/adw-dev2
http://api.talis.com/stores/auth-stbaerc-1/services/sparql	http://api.talis.com/stores/kwijibo-dev3/items/datasets/auth-stbaerc-1
http://linkeddata.ge.imati.cnr.it:2020/sparql	http://linkeddata.ge.imati.cnr.it:2020/all/BiogeographicalRegion
http://api.talis.com/stores/auth-ukbesmu-1/services/sparql	http://api.talis.com/stores/kwijibo-dev3/items/datasets/auth-ukbesmu-1
http://api.talis.com/stores/auth-ukurtpl-1/services/sparql	http://api.talis.com/stores/kwijibo-dev3/items/datasets/auth-ukurtpl-1
http://api.talis.com/stores/bbc-dev1/services/sparql	http://api.talis.com/stores/kwijibo-dev3/items/datasets/bbc-dev1
http://api.talis.com/stores/auth-stinhcl-1/services/sparql	http://api.talis.com/stores/kwijibo-dev3/items/datasets/auth-stinhcl-1
http://api.talis.com/stores/ajhirst-dev1/services/sparql	http://api.talis.com/stores/kwijibo-dev3/items/datasets/ajhirst-dev1
http://api.talis.com/stores/ajmg-dev1/services/sparql	http://api.talis.com/stores/kwijibo-dev3/items/datasets/ajmg-dev1
http://api.talis.com/stores/auth-nibfqu-4/services/sparql	http://api.talis.com/stores/kwijibo-dev3/items/datasets/auth-nibfqu-4
http://api.talis.com/stores/auth-ukbesuc-1/services/sparql	http://api.talis.com/stores/kwijibo-dev3/items/datasets/auth-ukbesuc-1
http://api.talis.com/stores/auth-nibfqu-2/services/sparql	http://api.talis.com/stores/kwijibo-dev3/items/datasets/auth-nibfqu-2
http://dotac.rkbexplorer.com/sparql/	http://dotac.rkbexplorer.com/data/void#dotacDS
http://api.talis.com/stores/abryan-dev1/services/sparql	http://api.talis.com/stores/kwijibo-dev3/items/datasets/abryan-dev1
http://api.talis.com/stores/auth-uksshstl-1/services/sparql	http://api.talis.com/stores/kwijibo-dev3/items/datasets/auth-uksshstl-1
http://api.talis.com/stores/astilla-dev1/services/sparql	http://api.talis.com/stores/kwijibo-dev3/items/datasets/astilla-dev1
http://api.talis.com/stores/bblfish-dev1/services/sparql	http://api.talis.com/stores/kwijibo-dev3/items/datasets/bblfish-dev1
http://api.talis.com/stores/bdarcus-dev1/services/sparql	http://api.talis.com/stores/kwijibo-dev3/items/datasets/bdarcus-dev1
http://roni.rkbexplorer.com/sparql/	http://roni.rkbexplorer.com/id/void
http://dbpedia.org/sparql	337be5f8:13ad04f6457:-7fff
http://202.73.13.50:55824/catalogs/performance/repositories/jita	http://aims.fao.org/aos/jita/void.rdf#JITA
http://data.allie.dbcls.jp/sparql	http://purl.org/allie/void.ttl
http://dati.camera.it/sparql	http://dati.camera.it/ocd/aic
http://dati.camera.it/sparql	http://dati.camera.it/ocd/assemblea
http://dati.camera.it/sparql	http://dati.camera.it/ocd/atto
http://dati.camera.it/sparql	http://dati.camera.it/ocd/bollettino
http://dati.camera.it/sparql	http://dati.camera.it/ocd/componenteGruppoMisto
http://dati.camera.it/sparql	http://dati.camera.it/ocd/deputato
http://dati.camera.it/sparql	http://dati.camera.it/ocd/dibattito
http://dati.camera.it/sparql	http://dati.camera.it/ocd/discussione
http://dati.camera.it/sparql	http://dati.camera.it/ocd/DOC
http://dati.camera.it/sparql	http://dati.camera.it/ocd/elezione
http://dati.camera.it/sparql	http://dati.camera.it/ocd/governo
http://dati.camera.it/sparql	http://dati.camera.it/ocd/gruppoParlamentare
http://dati.camera.it/sparql	http://dati.camera.it/ocd/incarico
http://dati.camera.it/sparql	http://dati.camera.it/ocd/incaricoGoverno
http://dati.camera.it/sparql	http://dati.camera.it/ocd/legge
http://dati.camera.it/sparql	http://dati.camera.it/ocd/legislatura
http://dati.camera.it/sparql	http://dati.camera.it/ocd/mandatoCamera
http://dati.camera.it/sparql	http://dati.camera.it/ocd/mandatoSenato
http://dati.camera.it/sparql	http://dati.camera.it/ocd/organo
http://dati.camera.it/sparql	http://dati.camera.it/ocd/organoGoverno
http://dati.camera.it/sparql	http://xmlns.com/foaf/0.1/Person
http://dati.camera.it/sparql	http://dati.camera.it/ocd/presidenteCamera
http://dati.camera.it/sparql	http://dati.camera.it/ocd/presidenteConsiglioMinistri
http://dati.camera.it/sparql	http://dati.camera.it/ocd/presidenteRepubblica
http://dati.camera.it/sparql	http://dati.camera.it/ocd/senatore
http://dati.camera.it/sparql	http://dati.camera.it/ocd/sistemaElettorale
http://dati.camera.it/sparql	http://dati.camera.it/ocd/ufficioParlamentare
http://api.kasabi.com/dataset/discogs/apis/sparql	http://data.kasabi.com/dataset/discogs
http://worldbank.270a.info/sparql	http://worldbank.270a.info/void.ttl#world-bank
http://zbw.eu/beta/sparql	http://zbw.eu/stw
